id,name,metric,marca
63686,Amarok,5248,Volkswagen
63613,Hilux,4798,Toyota
389468,Ecosport,3963,Ford
9301,208,3841,Peugeot
67429,Ranger,3487,Ford
60334,Corolla,3399,Toyota
1252874,Gol Trend,3391,Volkswagen
60485,Clio,2841,Renault
68902,Ka,2693,Ford
5246,308,2693,Peugeot
1252871,Suran,2612,Volkswagen
64016,Vento,2609,Volkswagen
9215,207,2547,Peugeot
60482,Kangoo,2423,Renault
123123,Onix,2401,Chevrolet
68050,Palio,2334,Fiat
62109,Gol,2297,Volkswagen
228452,Cronos,2249,Fiat
1252852,Focus III,2238,Ford
389473,Etios,2131,Toyota
64855,Duster,2063,Renault
69370,Tracker,1978,Chevrolet
1252860,Fiesta Kinetic Design,1916,Ford
61557,Golf,1730,Volkswagen
9003,C3,1718,Citroën
66905,Cruze,1712,Chevrolet
36763,Fox,1602,Volkswagen
60694,Sandero,1598,Renault
2318132,Cruze 5,1595,Chevrolet
7227,S10,1589,Chevrolet
389608,SW4,1574,Toyota
60677,Bora,1486,Volkswagen
194417,Prisma,1370,Chevrolet
53433,206,1354,Peugeot
7167,408,1307,Peugeot
389577,Renegade,1289,Jeep
1007090,Sandero Stepway,1237,Renault
32212,Civic,1164,Honda
389627,Toro,1163,Fiat
389632,Up!,1148,Volkswagen
37720,Fit,1104,Honda
66398,Serie 3,1073,BMW
66609,Corsa,1047,Chevrolet
561190,Partner,1019,Peugeot
6473,Classic,1016,Chevrolet
1252864,Cruze II,1014,Chevrolet
389514,HR-V,1002,Honda
73530,Uno,990,Fiat
60561,CR-V,982,Honda
1252930,C4 Lounge,977,Citroën
389401,Berlingo,964,Citroën
61695,Polo,953,Volkswagen
329756,Siena,929,Fiat
62198,Logan,926,Renault
389648,Voyage,907,Volkswagen
225156,Spin,903,Chevrolet
65895,2008,899,Peugeot
36046,307,888,Peugeot
561187,Sprinter,872,Mercedes-Benz
66459,A4,843,Audi
16696,Compass,829,Jeep
503625,Clase C,823,Mercedes-Benz
389483,Fiorino,803,Fiat
9069,500,790,Fiat
12098,C4,789,Citroën
1148994,Kwid,771,Renault
73890,Punto,771,Fiat
66659,Fiesta,732,Ford
60789,Saveiro,727,Volkswagen
68820,Strada,716,Fiat
59350,A3,707,Audi
66351,Serie 1,673,BMW
84465,Agile,645,Chevrolet
63360,Fluence,610,Renault
389467,Duster Oroch,608,Renault
2220947,Partner Patagónica,589,Peugeot
64614,Captur,588,Renault
61646,3008,569,Peugeot
389419,Celta,553,Chevrolet
1252858,Focus II,550,Ford
1119416,Argo,533,Fiat
42649,Journey,527,Dodge
275412,Mobi,525,Fiat
67566,Mondeo,517,Ford
389394,Aircross,513,Citroën
503622,Clase A,500,Mercedes-Benz
61198,Frontier,494,Nissan
389476,F-100,493,Ford
8037,1500,489,RAM
84809,Tucson,484,Hyundai
60253,Passat,479,Volkswagen
100811,Pulse,475,Fiat
513724,Master,466,Renault
68463,Focus,462,Ford
7698,A1,455,Audi
2726240,A3 Sportback,452,Audi
60983,Grand Cherokee,447,Jeep
60102,Fun,441,Suzuki
67001,Sonic,440,Chevrolet
66540,Meriva,430,Chevrolet
2109371,C4 Cactus,422,Citroën
67158,Escort,418,Ford
64402,Versa,397,Nissan
60337,Yaris,395,Toyota
1007118,Kicks,392,Nissan
1252859,Kuga,386,Ford
15180,Astra,382,Chevrolet
60651,RAV4,378,Toyota
31172,Q5,375,Audi
61186,Tiida,373,Nissan
389621,Tiggo,365,Chery
389654,Xsara Picasso,363,Citroën
68141,Captiva,361,Chevrolet
7556085,T-Cross,357,Volkswagen
61627,March,343,Nissan
61710,Accord,338,Honda
389463,DS3,333,Citroën
62015,City,323,Honda
60043,Note,316,Nissan
3936,L200,312,Mitsubishi
389594,Sorento,312,Kia
64669,Santa Fe,307,Hyundai
389601,Sportage,306,Kia
503629,Clase E,301,Mercedes-Benz
66140,Pick-Up,301,Isuzu
389408,C3 Picasso,291,Citroën
61537,Tiguan,290,Volkswagen
61071,Sentra,281,Nissan
60078,Idea,281,Fiat
60377,Megane,280,Renault
4669133,405,278,Peugeot
389502,Grand Siena,275,Fiat
76499,Ducato,270,Fiat
2662817,Virtus,269,Volkswagen
51558,306,265,Peugeot
2251655,Tiguan Allspace,263,Volkswagen
1252887,Mégane II,260,Renault
6520,X1,258,BMW
389466,Duna,256,Fiat
66531,Serie 5,251,BMW
389423,Chery QQ,244,Chery
1148987,Daily,242,Iveco
389629,Trailblazer,240,Chevrolet
61534,Crossfox,239,Volkswagen
72638,Q3,234,Audi
2109392,R19,227,Renault
1252849,Qubo,223,Fiat
1252875,Scirocco,222,Volkswagen
6387,X5,221,BMW
69328,Vectra,220,Chevrolet
14685,504,218,Peugeot
52379,H1,214,Hyundai
503630,Clase B,213,Mercedes-Benz
493857,Polo Classic,212,Volkswagen
58843,147,208,Fiat
389448,Corsa Classic,208,Chevrolet
8679212,Ranger Raptor,208,Ford
1252903,Boxer,206,Peugeot
60382,Koleos,200,Renault
61393,Vito,196,Mercedes-Benz
1252978,Cooper S,187,Mini
2953881,Taos,184,Volkswagen
8818143,Nivus,184,Volkswagen
73586,Serie 2,182,BMW
67967,Zafira,181,Chevrolet
121559,A5,180,Audi
26638,Transit,178,Ford
1252897,Scénic,177,Renault
2220976,Tiggo 3,175,Chery
62233,Trafic,175,Renault
503711,Mito,171,Alfa Romeo
8796,X3,170,BMW
389630,Twingo,166,Renault
8938,Wrangler,163,Jeep
66416,Cooper,162,Mini
69114,Aveo,162,Chevrolet
389611,Symbol,159,Renault
389446,Cobalt,157,Chevrolet
8818123,Onix plus,157,Chevrolet
5958853,Alaskan,157,Renault
66502,PT Cruiser,155,Chrysler
61232,Cherokee,154,Jeep
1252861,Aveo G3,154,Chevrolet
3228233,A1 Sportback,153,Audi
16270,X6,149,BMW
1252872,The Beetle,147,Volkswagen
11510704,Corolla Cross,147,Toyota
389417,Carnival,146,Kia
9836865,Territory,146,Ford
389564,Passat Variant,145,Volkswagen
43756,S3,144,Audi
93447,F-150,143,Ford
389591,Serie M,143,BMW
60412,Land Cruiser,142,Toyota
62828,Grand Vitara,137,Suzuki
8701048,A5 Sportback,137,Audi
66902,Montero,136,Mitsubishi
9857,5008,132,Peugeot
42934,Expert,132,Peugeot
61574,CC,132,Volkswagen
1252940,Clase GLC,130,Mercedes-Benz
9894,205,129,Peugeot
2220940,Cooper Countryman,128,Mini
26347,NP300,127,Nissan
389642,Vitara,125,Suzuki
63273,Forester,122,Subaru
389410,C4 Picasso,122,Citroën
60259,911,120,Porsche
60439,Cayenne,119,Porsche
79790,R9,118,Renault
60397,Patriot,117,Jeep
1252900,Mégane III,117,Renault
37931,A6,115,Audi
503632,Clase GLK,115,Mercedes-Benz
1252939,Clase GLA,114,Mercedes-Benz
1252867,Suran Cross,114,Volkswagen
65389,X-Trail,114,Nissan
10279,301,113,Peugeot
22349,Q2,109,Audi
64491,Evoque,108,Land Rover
61722,Touareg,108,Volkswagen
42378,407,107,Peugeot
389560,Palio Weekend,104,Fiat
60461,Impreza,103,Subaru
15698,Q7,103,Audi
503710,ML,103,Mercedes-Benz
62713,Sharan,102,Volkswagen
389420,Cerato,101,Kia
75044,Ram,101,Dodge
123144,Rio,100,Kia
62274,406,99,Peugeot
1007110,Creta,99,Hyundai
9560,Genesis,98,Hyundai
60388,Camry,98,Toyota
235012,Soul,98,Kia
66694,TT,98,Audi
55925,Spark,97,Chevrolet
43731,Swift,96,Suzuki
47303,508,96,Peugeot
71529,Giulietta,95,Alfa Romeo
63661,XC60,95,Volvo
67931,Lancer,94,Mitsubishi
71137,Serie 4,93,BMW
2220968,Tiggo 5,93,Chery
60465,Partner Furgon,93,Peugeot
493856,Golf Variant,93,Volkswagen
66422,Blazer,93,Chevrolet
60784,Fortwo,92,Smart
66002,R12,92,Renault
63213,I30,92,Hyundai
389623,Tipo,91,Fiat
62158,Caddy,90,Volkswagen
60959,Pathfinder,90,Nissan
67077,Discovery,90,Land Rover
47233,505,89,Peugeot
71652,Linea,89,Fiat
1007112,Tiggo 2,89,Chery
389524,Jumper,88,Citroën
66640,Equinox,87,Chevrolet
71835,Defender,87,Land Rover
84862,New Beetle,87,Volkswagen
41716,106,86,Peugeot
1252870,Gol Country,84,Volkswagen
1165297,500X,83,Fiat
67096,Freelander,82,Land Rover
61471,i10,82,Hyundai
60311,Leon,81,SEAT
503623,Clase SLK,81,Mercedes-Benz
389546,Montana,80,Chevrolet
61687,Legacy,78,Subaru
1252877,Senda,78,Volkswagen
389464,DS4,77,Citroën
1252932,C-Elysée,77,Citroën
4611,S40,76,Volvo
67908,Neon,76,Chrysler
49666,C5,74,Citroën
1252878,Vento Variant,74,Volkswagen
8161471,F-150 Raptor,74,Ford
64003,Veloster,71,Hyundai
63043,Forfour,71,Smart
66564,LUV,71,Chevrolet
67950,Outlander,70,Mitsubishi
561188,X-Terra,69,Nissan
60284,Outback,69,Subaru
2220951,K2500,69,Kia
41497,Bravo,69,Fiat
17108,X4,68,BMW
60266,Cordoba,67,SEAT
389461,Doblo,65,Fiat
66716,Silverado,64,Chevrolet
389548,Musso,64,Ssangyong
389565,Picanto,64,Kia
1252987,Clase GLE,63,Mercedes-Benz
11447,Express,63,Renault
7276,2500,63,RAM
60723,Ibiza,63,SEAT
67536,Atos,62,Hyundai
61443,Elantra,62,Hyundai
503621,Clase CLA,61,Mercedes-Benz
84815,Trooper,60,Isuzu
1252896,R21,59,Renault
67558,Caravan,59,Chrysler
36577,H100,59,Hyundai
69528,Courier,59,Ford
63326,RCZ,58,Peugeot
7556082,DS7 Crossback,58,DS
60815,Transporter,58,Volkswagen
2903,S60,58,Volvo
389392,A4 Avant,57,Audi
55602,Mustang,56,Ford
2109376,Jumpy,55,Citroën
13278,323,55,Mazda
12401,V40,55,Volvo
1252856,Fiesta Max,55,Ford
389653,Xsara,55,Citroën
16600,R18,54,Renault
1252888,Scénic II,53,Renault
8859,Explorer,53,Ford
1252905,Fulwin,52,Chery
68769,156,51,Alfa Romeo
73501,Viano,51,Mercedes-Benz
63922,Accent,51,Hyundai
389479,Face,51,Chery
60542,Murano,50,Nissan
503709,CLK,49,Mercedes-Benz
66771,Dakota,49,Dodge
16563,C30,48,Volvo
389382,626,46,Mazda
85019,XV,45,Subaru
38781,R11,45,Renault
60776,XC90,43,Volvo
33743,S4,43,Audi
66586,Z4,41,BMW
85024,Kangoo Express,41,Renault
8295771,DS3 Crossback,41,DS
1252857,S-Max,40,Ford
84857,Corona,40,Toyota
389462,Doblo Cargo,40,Fiat
68313,Camaro,39,Chevrolet
13905,145,39,Alfa Romeo
2220975,Myway,39,Lifan
2097605,R 21,39,Renault
1046545,Giulia,39,Alfa Romeo
11976,164,38,Alfa Romeo
1252944,146,37,Alfa Romeo
9998,Sierra,37,Ford
49022,Galaxy,37,Ford
1252868,Gacel,37,Volkswagen
68310,Stilo,37,Fiat
389494,Galloper,36,Hyundai
60091,Orion,36,Ford
62135,Hiace,36,Toyota
73558,Range Rover Sport,36,Land Rover
389656,ZX,35,Citroën
61853,Toledo,35,SEAT
10308,500C,35,Fiat
6389804,Stelvio,34,Alfa Romeo
10127,300C,34,Chrysler
66850,Galant,34,Mitsubishi
1252923,86,33,Toyota
60289,Boxster,33,Porsche
66739,Range Rover,32,Land Rover
389512,Hoggar,31,Peugeot
130,190,31,Mercedes-Benz
389457,D-20,31,Chevrolet
68315,Town & Country,31,Chrysler
37259,Quantum,30,Volkswagen
2220936,A4 Allroad,30,Audi
1252908,Tico,30,Daewoo
60354,Panamera,30,Porsche
65152,Prius,29,Toyota
483995,WR-V,29,Honda
2820708,Innova,29,Toyota
2220956,Laguna II,29,Renault
67714,159,29,Alfa Romeo
18298,X50,29,Lifan
389602,SQ5,29,Audi
389527,L300,28,Mitsubishi
4134,850,28,Volvo
389650,Xantia,28,Citroën
14029,B2500,28,Mazda
26434,X2,28,BMW
63000,Rodeo,27,Isuzu
519080,500L,27,Fiat
84803,Prelude,27,Honda
9113,900,27,Saab
389500,Grand Santa Fé,27,Hyundai
2251650,Partner Urbana,27,Peugeot
60272,Pointer,27,Volkswagen
3228243,TT Coupe,26,Audi
59791,S5,26,Audi
73123,Allroad,26,Audi
2130513,Grand Picasso,26,Citroën
66514,Serie 7,26,BMW
9475,420,25,Rover
93415,416,25,Rover
433326,Regata,25,Fiat
70390,Clase SL,25,Mercedes-Benz
2522,9000,25,Saab
389530,Lanos,25,Daewoo
84854,Korando,25,Ssangyong
389447,Colt,24,Mitsubishi
389536,Marea,24,Fiat
8701049,Q3 Sportback,24,Audi
2820707,Emgrand X7 Sport,24,Geely
3228245,TT RS Coupe,24,Audi
52421,NX,24,Lexus
1252880,Kangoo Break,24,Renault
389523,Jimny,23,Suzuki
145089,807,23,Peugeot
77649,Macan,23,Porsche
60924,4Runner,23,Toyota
396909,MB 180,23,Mercedes-Benz
66583,Serie 6,23,BMW
66819,Stratus,23,Chrysler
8295769,A6 Allroad,23,Audi
67351,A8,23,Audi
1046555,R8 Coupé,23,Audi
35111,Q8,22,Audi
389415,Carens,22,Kia
8295770,A7 Sportback,22,Audi
53353,620,22,Rover
389616,Tempra,21,Fiat
4001225,C4 Spacetourer,21,Citroën
8569065,CH-R,21,Toyota
2109387,C-10,21,Chevrolet
2820709,Arrizo 5,21,Chery
71651,Clase S,21,Mercedes-Benz
2662822,Emgrand GS,21,Geely
60430,Cayman,21,Porsche
503659,Pride,20,Kia
77695,155,20,Alfa Romeo
61327,Laguna,20,Renault
1252941,Clase CLC,20,Mercedes-Benz
63428,Matiz,20,Daewoo
8167,75,19,Rover
61747,9-5,19,Saab
67281,Eclipse,19,Mitsubishi
389525,Kadett,19,Chevrolet
67784,Grand Caravan,19,Chrysler
60874,Commander,19,Jeep
389617,Terios,19,Daihatsu
389398,Baleno,19,Suzuki
63513,XE,19,Jaguar
389550,Niva,19,Lada
21169,V70,18,Volvo
9267,10,18,Aro
84791,C-20,18,Chevrolet
2318066,XC40,18,Volvo
389421,Charade,18,Daihatsu
11015,230,18,Mercedes-Benz
1245805,K 2700,18,Kia
15982,33,18,Alfa Romeo
34825,216,18,Rover
389472,Espero,17,Daewoo
389503,Grand Sportage,17,Kia
72347,IS,17,Lexus
10481,4008,17,Peugeot
2220967,Terrano II,17,Nissan
2109383,214,16,Rover
16678,Vivace,16,Fiat
401950,Coupê,16,Hyundai
2454,S70,16,Volvo
389598,Space Wagon,16,Mitsubishi
389480,Feroza,16,Daihatsu
1252975,Rondo,16,Kia
64071,Samurai,16,Suzuki
60601,XJ,16,Jaguar
389552,Nubira,16,Daewoo
10679,605,16,Peugeot
1252884,Fuego,16,Renault
1046551,Integra,16,Acura
1252968,Applause,15,Daihatsu
49634,H2,15,Haval
66923,MX5,15,Mazda
389618,Terracan,15,Hyundai
9064,200,15,Mercedes-Benz
1252920,Nativa,15,Mitsubishi
31919,C31,14,DFSK
9192,607,14,Peugeot
389497,Grand C4 Picasso,14,Citroën
389455,Cuore,14,Daihatsu
8818115,C5 Aircross,14,Citroën
1007100,WRX,14,Subaru
389518,Istana,14,Ssangyong
60451,Beetle,14,Volkswagen
67489,Falcon,14,Ford
61447,Grand i10,14,Hyundai
2109393,Wingle 5,14,Great Wall
10203,Legend,14,Honda
1252909,Damas,13,Daewoo
14262,C15,13,Citroën
1241787,X25,13,Baic
61252,S-Type,13,Jaguar
3487196,Foison Cargo,13,Lifan
63983,Latitude,13,Renault
60640,X-Type,13,Jaguar
389516,Inca,13,SEAT
1252958,Teana,13,Nissan
389628,Towner,13,Asia
109031,Monza,13,Chevrolet
50877,940,13,Volvo
1252929,Saxo,12,Citroën
503631,Clase CLS,12,Mercedes-Benz
389549,MX3,12,Mazda
61614,Maxima,12,Nissan
84853,Actyon,12,Ssangyong
84832,3000 GT,12,Mitsubishi
1253284,X35,12,Baic
69294,Lumina,12,Chevrolet
2130527,C-35,12,DFSK
61661,Tribeca,12,Subaru
1252899,Mégane II Grand Tour,12,Renault
62298,370Z,12,Nissan
1252956,Patrol,12,Nissan
59423,Kona,12,Hyundai
389574,Primera,12,Nissan
4106,430,12,Ferrari
84858,Celica,12,Toyota
72061,RS5,12,Audi
1007095,Samara,12,Lada
3871,S80,12,Volvo
66394,Sebring,12,Chrysler
16776,GT,11,Alfa Romeo
63493,Avensis,11,Toyota
200959,806,11,Peugeot
62030,XF,11,Jaguar
2400661,Spacetourer,11,Citroën
63974,Sonata,11,Hyundai
13390,240,11,Volvo
1252961,Maruti,11,Suzuki
1252846,Sumo,11,Tata
35328,X30,11,Shineray
10336,45,11,Rover
31201,Z3,11,BMW
55660,Santana,11,Volkswagen
2400684,Montero IO,10,Mitsubishi
389425,Cielo,10,Daewoo
3487195,Foison Truck,10,Lifan
11227,960,10,Volvo
171180,929,10,Mazda
34007,S2,10,JAC
389554,Omega,10,Chevrolet
61025,XK,10,Jaguar
389453,CRX,10,Honda
396863,HD78,10,Hyundai
1007089,Courier Van,10,Ford
1046548,F-PACE,10,Jaguar
389407,Brava,9,Fiat
84835,Expo,9,Mitsubishi
471743,Skin,9,Chery
389558,Paceman,9,Mini
97369,Move,9,Daihatsu
527000,Bluebird,9,Nissan
389557,Opirus,9,Kia
48517,UX,9,Lexus
62880,XC70,9,Volvo
1007111,Topic,9,Asia
7556080,CS15,9,Changan
42004,T6,9,JAC
1007107,Trajet,9,Hyundai
389582,RS3,9,Audi
1252970,Rocky,9,Daihatsu
13162,T30,9,Shineray
68586,Escape,9,Ford
1007098,Levante,9,Maserati
389589,Sephia,8,Kia
9809,360,8,Ferrari
7556088,Tiggo 4,8,Chery
109483,Stream,8,Honda
389517,Ipanema,8,Chevrolet
84788,Chevette,8,Chevrolet
18080,RX,8,Lexus
2251654,Z4 Coupé,8,BMW
74513,166,8,Alfa Romeo
3487197,Foison Box,8,Lifan
2220969,414,8,Rover
389528,Laika,8,Lada
1252931,C4 Aircross,8,Citroën
84805,Veracruz,8,Hyundai
67055,Windstar,8,Ford
1252972,Justy,8,Subaru
389402,Besta,8,Kia
33283,X70,8,Lifan
18844,25,8,Rover
2251646,R21 Alize,8,Renault
17612,GS,8,Lexus
34318,X60,8,Lifan
1252967,Sirion,8,Daihatsu
10630,250,7,Mercedes-Benz
389583,RX7,7,Mazda
3228232,GMC,7,Chevrolet
19022,80,7,Audi
418332,H6,7,Haval
84814,Amigo,7,Isuzu
1252971,Hijet,7,Daihatsu
21281,V50,7,Volvo
2220962,Boxter S ii,7,Porsche
9963,1410,7,Dacia
14543,C6,7,Citroën
6034312,SWM X7,7,Shineray
47582,AX,7,Citroën
60661,Safrane,7,Renault
9631,Passport,7,Honda
68883,Serie 8,7,BMW
1252866,Furgon,7,Volkswagen
4001226,Grand C4 Spacetourer,6,Citroën
109469,Racer,6,Daewoo
2109399,Wingle 6,6,Great Wall
2820706,Emgrand 7,6,Geely
463752,718 cayman,6,Porsche
503658,Pregio,6,Kia
35482,MX6,6,Mazda
84859,Tercel,6,Toyota
1252873,Carat,6,Volkswagen
389537,Marea Weekend,6,Fiat
503633,Clase GL,6,Mercedes-Benz
3028724,2141,6,Aleko
32623,C32,6,DFSK
389475,Excel,6,Hyundai
389501,Grand Scénic,6,Renault
67734,Spider,6,Alfa Romeo
2220937,Rocsta,6,Asia
1252915,Santamo,6,Hyundai
2662814,T32,6,Shineray
2130519,Regatta Weekend,6,Fiat
389531,Leganza,6,Daewoo
61755,Pilot,6,Honda
69650,RS6,6,Audi
2220972,Laguna ii Grand Tour,6,Renault
60574,Odyssey,6,Honda
60632,350Z,6,Nissan
503666,Econoline,5,Ford
40165,X55,5,Baic
110493,121,5,Mazda
40020,Aero,5,Ford
60830,Altea,5,SEAT
503627,Clase CL,5,Mercedes-Benz
1252902,LC,5,Geely
2011,Delta,5,Daihatsu
63998,Supra,5,Toyota
60435,Tacoma,5,Toyota
1252963,Alto,5,Suzuki
1252910,Labo,5,Daewoo
5244,Brera,5,Alfa Romeo
10051,260,5,Mercedes-Benz
462950,718 boxster,5,Porsche
2109345,Strada Adventure,5,Fiat
35607,N900,5,JMC
389469,Elba,5,Fiat
389535,Magentis,5,Kia
31410,C70,5,Volvo
60704,Altima,5,Nissan
12851,LS,5,Lexus
389496,Grand Blazer,5,Chevrolet
2220946,S-Coupé,4,Hyundai
70008,Avalanche,4,Chevrolet
1182124,246,4,Aro
256745,S7,4,JAC
14277,2335,4,Aleko
74544,Tigra,4,Chevrolet
1046554,R8 Spyder,4,Audi
389545,Mohave,4,Kia
66648,Suburban,4,Chevrolet
10627,Quest,4,Nissan
33191,Shadow,4,Dodge
1252851,Barchetta,4,Fiat
1252977,Afalina,4,Lada
3228244,TT Roadster,4,Audi
85057,Cooper Clubman,4,Mini
2220964,K2900,4,Kia
2220950,430 Spider,4,Ferrari
10494,220,4,Rover
2311147,Felicia,4,Skoda
8943,100,4,Audi
51150,515,4,Geely
8295767,Clase GLB,4,Mercedes-Benz
2220985,X65,4,Baic
72282,California,4,Ferrari
48751,355,4,Ferrari
1252907,Tacuma,4,Daewoo
2251652,Break,4,Dacia
5436,618,4,Rover
16164,Yukon,4,Chevrolet
389547,MPV,4,Mazda
110726,Serena,4,Nissan
2220953,Laika 2107,4,Lada
389393,A6 Avant,4,Audi
2220955,Laika 2105,4,Lada
2256056,RC,3,Lexus
389639,Veraneio,3,Chevrolet
2251651,Cayenne Turbo,3,Porsche
26060,HD65,3,Hyundai
44626,Corvette,3,Chevrolet
69818,Spirit,3,Chrysler
2400660,K01h,3,DFSK
503690,Leaf,3,Nissan
1252951,Marbella,3,SEAT
16726,Matrix,3,Hyundai
12975,1310,3,Dacia
71672,458,3,Ferrari
562057,Puma,3,Ford
2220944,S5 Coupe,3,Audi
1252965,Vehicross,3,Isuzu
68124,Quattroporte,3,Maserati
65482,Rexton,3,Ssangyong
1252974,Avella,3,Kia
71813,Vanette,2,Nissan
32360,V60,2,Volvo
1252973,Capital,2,Kia
2220973,623,2,Rover
7556081,CS75,2,Changan
9888,740,2,Volvo
2109373,BX,2,Citroën
503624,Clase G,2,Mercedes-Benz
26727,Daytona,2,Dodge
1165458,244,2,Aro
8295768,View CS2,2,Foton
1252993,Clase SLS,2,Mercedes-Benz
25056,460,2,Volvo
44684,Expedition,2,Ford
235192,Talon,2,Chrysler
84787,Beretta,2,Chevrolet
3487192,Cayenne iii,2,Porsche
225120,Suprema,2,Chevrolet
61037,Sedan,2,Sero Electric
32856,Voyager,2,Chrysler
66691,599,2,Ferrari
61398,F-Type,2,Jaguar
389587,SC,2,Lexus
72208,458 Italia,2,Ferrari
2251656,243,2,Aro
61910,9-3,2,Saab
115832,Super,2,Suzuki
915526,Traveller,2,Peugeot
62028,H3,2,Hummer
8569066,Seltos,2,Kia
1252955,Ad Wagon,2,Nissan
50926,E2200,2,Mazda
2468938,1102,2,Tavria
9980,245,2,Volvo
1252869,Escarabajo,2,Volkswagen
2220983,Rexton RX,2,Ssangyong
84855,Paseo,2,Toyota
84837,Calibra,2,Opel
2220965,Ceres,2,Kia
6488,820,2,Rover
389505,GranSport,2,Maserati
8818116,GTR,2,Mercedes-Benz
903129,Diamante,1,Mitsubishi
74505,GTV,1,Alfa Romeo
60597,Alhambra,1,SEAT
389595,Sovereign,1,Jaguar
3487193,Furgon Route,1,Daihatsu
2220979,Megane ii cc,1,Renault
2251645,Spartana,1,Aro
1252928,Oltcit,1,Citroën
389573,Premio,1,Fiat
13680,928,1,Porsche
389426,Clarus,1,Kia
2220958,430 Scuderia,1,Ferrari
68133,Intrepid,1,Chrysler
389474,Evasion,1,Citroën
3487194,Piaggio,1,Daihatsu
1252876,Multivan,1,Volkswagen
2220959,Cinquecento,1,Fiat
70995,Le Baron,1,Chrysler
8818117,GT4,1,Mercedes-Benz
2220966,Pick,1,Mahindra
2220970,MGF,1,Rover
3228,612,1,Ferrari
1119431,RS6 Avant,1,Audi
9243,450,1,Mercedes-Benz
2251658,Wira,1,Proton
68300,456,1,Ferrari
6104,S90,1,Volvo
2220952,Sephia ii,1,Kia
68422,RS4,1,Audi
3228247,TTS Coupe,1,Audi
102,320,1,Aro
503669,Geo,1,Chevrolet
2220945,75 Milano,1,Alfa Romeo
8818119,GTC,1,Mercedes-Benz
2220978,218,1,Rover
1252962,Wagon R,1,Suzuki
13441,968,1,Porsche
68829,Crossfire,1,Chrysler
2243259,Pick Up,1,Dacia
69498,Spyder,1,Maserati
17476,GTS,1,Mercedes-Benz
8818114,Camioneta alta,1,Sero Electric
1252997,Clase GLS,1,Mercedes-Benz
84834,Mirage,1,Mitsubishi
31581,Prince,1,Daewoo
389607,SVX,1,Subaru
389652,Xm,1,Citroën
85230,TTS,1,Audi
46590,S2000,1,Honda
2109384,Maestro,0,Maestro
1245778,Vertis,0,Iveco
17821404,Marutti,0,Suzuki
17865278,Sierra Rural,0,Ford
18501105,Tiggo 4 Pro,0,Chery
1252938,Clase CLK,0,Mercedes-Benz
1252918,Varica,0,Mitsubishi
34618,Z8,0,BMW
2220935,264,0,Volvo
2220957,R21 Nevada,0,Renault
2220961,Expo Wagon,0,Mitsubishi
76866,F-250,0,Ford
2251657,R524,0,Dacia
17822182,Palio Weekend Adventure,0,Fiat
2109344,CJ,0,Mahindra
4260,3200,0,Maserati
2130516,147 Spazio,0,Fiat
2176998,C35,0,DFSK
17865336,Ritmo 5P,0,Fiat
10304,128,0,Fiat
17780393,Laguna Nevada,0,Renault
71546,FF,0,Ferrari
493975,Sunny,0,Nissan
17865279,Falcon Rural,0,Ford
49458,T01,0,DFM
2220971,Multipla,0,Fiat
2130523,Citation,0,Chevrolet
17865339,Croma 86-91,0,Fiat
63927,Avalon,0,Toyota
17865340,128 Familiar,0,Fiat
17822191,Trafic Furgon,0,Renault
84860,Previa,0,Toyota
903133,1064,0,DFM
389562,Parati,0,Volkswagen
1252855,Ranchero,0,Ford
17713850,S3 Sportback,0,Audi
17822037,Z4 Roadster,0,BMW
2251647,Berlina,0,Dacia
17865097,Pick Up S/C,0,Nissan
2109321,MG 550,0,Ferrari
17865280,Sierra Coupe,0,Ford
18230,945,0,Volvo
2130517,Duna Weekend,0,Fiat
503626,Clase SLR,0,Mercedes-Benz
18501052,Tiggo 8 Pro,0,Chery
1007086,911 Targa,0,Porsche
17822038,Z3 Roadster,0,BMW
8818113,Io,0,Kia
1252953,Trade,0,Nissan
2220981,BJ,0,Foton
1007120,Range Rover Vogue,0,Land Rover
10210,Safari,0,Tata
10490,325,0,Dacia
17777166,Berlingo Multispace,0,Citroën
2251644,911 Let,0,Porsche
117869,Terra,0,SEAT
102288,S6,0,Audi
2318104,Megane 2,0,Renault
1007092,Discovery 4,0,Land Rover
85009,Jimmy,0,Chevrolet
2251649,Dedra,0,Lancia
17822190,Trafic Rodeo,0,Renault
17822170,Crx Del Sol,0,Honda
2220980,Galaxy Van,0,Ford
42125,324,0,Aro
271776,Focus 2,0,Ford
17864142,Oltcit Club,0,Citroën
4807,F12,0,Ferrari
84833,Sigma,0,Mitsubishi
17865282,Taunus Coupe,0,Ford
13371557,Y10,0,Autobianchi
84808,Getz,0,Hyundai
17862244,100 Avant,0,Audi
17862246,80 Avant,0,Audi
17887817,Staria,0,Hyundai
9159,3000,0,Mitsubishi
61416,Stepway,0,Renault
1046549,Daimler,0,Jaguar
17822177,Hilux Pick-Up,0,Toyota
1252937,Mehari,0,Citroën
17881561,Talon Tsi,0,Chrysler
67627,3200 GT,0,Maserati
2220949,Espace,0,Renault
17865099,323F,0,Mazda
566,300,0,Chrysler
1252854,Taunus,0,Ford
389640,Verona,0,Ford
100564,Corsica,0,Chevrolet
2109391,Oroch,0,Renault
2243260,Mini Van,0,Isuzu
2220939,Zagato,0,Alfa Romeo
17865337,Uno 3P,0,Fiat
67572,Maverick,0,Ford
2130520,Uno Cargo,0,Fiat
17822169,Civic Hatch,0,Honda
85031,458 Spider,0,Ferrari
5345,Viper,0,Chrysler
36210,X200,0,JAC
72428,ES,0,Lexus
17822175,Hilux S/C,0,Toyota
2130518,Regatta,0,Fiat
1252906,QQ,0,Chery
2220982,Sonata iii,0,Hyundai
1252925,Hilux SW4,0,Toyota
3288545,Laguna 2,0,Renault
2220942,Econo,0,Ford
3567536,CS2,0,Foton
2109323,Chairman,0,Daewoo
17822389,Transporter Furgon,0,Volkswagen
2220977,H-1 Van,0,Hyundai
17780473,Bronco Sport,0,Ford
69887,Phantom,0,Rolls Royce
2220941,80 Limousine,0,Audi
1252921,Coaster,0,Toyota
17713870,S5 Sportback,0,Audi
71553,LX,0,Lexus
2220954,Niva 2121,0,Lada
17864143,Berlingo Furgon,0,Citroën
101245,Master Furgon,0,Renault
2105285,Electric,0,Volt Motors
2220960,Superamerica,0,Ferrari
84865,V90,0,Volvo
2251653,LZW,0,Wuling
389592,Shuma,0,Kia
2566657,Fiesta Kinetic,0,Ford
2220938,Clase ML,0,Mercedes-Benz
17780466,Ka+,0,Ford
17822192,Scenic2,0,Renault
79719,R 25,0,Renault
766,309,0,Peugeot
17820768,Pt Cruiser Touring,0,Chrysler
8247212,C-HR,0,Toyota
2220948,Damas Coach,0,Daewoo
1252945,156 Sportwagon,0,Alfa Romeo
120220,Frontera,0,Opel
9787,550,0,Ferrari
1119432,RS7 Sportback,0,Audi
2251648,Thema,0,Lancia
8818118,Camioneta baja,0,Sero Electric
389649,Wagon,0,Suzuki
